<?xml version="1.0" encoding="UTF-8"?>
<!DOCTYPE mapper PUBLIC "-//mybatis.org//DTD Mapper 3.0//EN" "http://mybatis.org/dtd/mybatis-3-mapper.dtd">
<mapper namespace="com.freesoft.mapper.ApiGroupMapper">

    <!-- 通用查询映射结果 -->
    <resultMap id="BaseResultMap" type="com.freesoft.model.ApiGroupDO">
        <id column="id" property="id" />
        <result column="name" property="name" />
        <result column="p_id" property="pId" />
        <result column="description" property="description" />
        <result column="data_source_id" property="dataSourceId" />
        <result column="created_by" property="createdBy" />
        <result column="created_name" property="createdName" />
        <result column="created_date" property="createdDate" />
        <result column="last_modified_by" property="lastModifiedBy" />
        <result column="last_modified_name" property="lastModifiedName" />
        <result column="last_modified_date" property="lastModifiedDate" />
    </resultMap>

    <!-- 通用查询结果列 -->
    <sql id="Base_Column_List">
        id, name, p_id, description, data_source_id, created_by, created_name, created_date, last_modified_by, last_modified_name, last_modified_date
    </sql>

</mapper>
