<?xml version="1.0" encoding="UTF-8"?>
<!DOCTYPE mapper PUBLIC "-//mybatis.org//DTD Mapper 3.0//EN" "http://mybatis.org/dtd/mybatis-3-mapper.dtd">
<mapper namespace="com.freesoft.mapper.ApiMainMapper">

    <!-- 通用查询映射结果 -->
    <resultMap id="BaseResultMap" type="com.freesoft.model.ApiMainDO">
        <id column="id" property="id" />
        <result column="name" property="name" />
        <result column="method" property="method" />
        <result column="path" property="path" />
        <result column="description" property="description" />
        <result column="state" property="state" />
        <result column="enable" property="enable" />
        <result column="execute_sql" property="executeSql" />
        <result column="created_by" property="createdBy" />
        <result column="created_name" property="createdName" />
        <result column="created_date" property="createdDate" />
        <result column="last_modified_by" property="lastModifiedBy" />
        <result column="last_modified_name" property="lastModifiedName" />
        <result column="last_modified_date" property="lastModifiedDate" />
    </resultMap>

    <!-- 通用查询结果列 -->
    <sql id="Base_Column_List">
        id, name, method, path, description, state, enable, execute_sql, created_by, created_name, created_date, last_modified_by, last_modified_name, last_modified_date
    </sql>
    <insert id="insertInterface">
        insert into api_main(id, name, method, path, description, state, enable, execute_sql, created_by, created_name,
                             created_date)
        values (#{id}, #{name}, #{method}, #{path}, #{description}, #{state}, #{enable}, #{executeSql}, #{createdBy},
                #{createdName}, now())
    </insert>
    <select id="getAllApi" resultType="com.freesoft.vo.RequestParamsVO">
        SELECT am.path ,am.method, ap.`key`FROM api_main am , api_parameter ap
        WHERE am.id = ap.api_id
    </select>
</mapper>
